,Time [s],Fz [N],Fz filtered [N],target position [-]
0,0.0012001999999995405,-29.24727000000002,0.0,2075
1,0.03146929999999948,-29.267270000000025,-0.5632811925997487,1250
2,0.0620674999999995,-27.317270000000022,-1.6685319894006987,2057
3,0.09346159999999948,-14.157270000000024,-2.6940397306752617,1250
4,0.12466069999999974,-1.1372700000000222,-3.389038769180882,2037
5,0.15550549999999852,2.4127299999999767,-3.5530596549634725,1250
6,0.1863988999999986,6.692729999999977,-3.3916365207849664,2016
7,0.21792929999999977,10.702729999999978,-3.08563105440966,1250
8,0.24937749999999959,7.242729999999977,-2.6317530912656615,1996
9,0.2801577000000002,12.262729999999976,-2.184765247603554,1250
10,0.3115256999999989,14.722729999999977,-1.7249502590782018,1977
11,0.34238079999999904,16.232729999999975,-1.138787305412085,1250
12,0.3729447999999991,17.262729999999976,-0.4987431792665086,1959
13,0.40332559999999873,17.922729999999977,0.16556593269893638,1250
14,0.43474969999999935,18.362729999999978,0.8368349953814234,1942
15,0.4651002000000002,18.762729999999976,1.503432949802986,1250
16,0.4958777999999988,19.07272999999998,2.1605323089806685,1927
17,0.5270720999999998,19.182729999999978,2.8059952393688454,1250
18,0.5582886999999985,19.422729999999977,3.4346847697944254,1913
19,0.5902855000000002,19.592729999999978,4.045898838081615,1250
20,0.621657299999999,19.562729999999977,4.641466130116825,1900
21,0.6528907999999998,19.582729999999977,5.216789332973865,1250
22,0.6834013999999993,19.71272999999998,5.769759328451302,1889
23,0.7145823,19.842729999999978,6.3043186135219615,1250
24,0.7454970999999997,19.912729999999975,6.8232948621880665,1879
25,0.7764700999999992,20.112729999999978,7.326132753939519,1250
26,0.8072276999999985,20.112729999999978,7.814802064052471,1870
27,0.838474999999999,20.162729999999975,8.288500396530427,1250
28,0.8689368999999996,20.182729999999978,8.744915520569736,1862
29,0.8999831999999994,20.32272999999998,9.185098345755275,1250
30,0.9311948999999995,20.332729999999977,9.611407451354374,1855
31,0.9641684000000001,20.492729999999977,10.024184640164453,1250
32,0.9930918999999996,20.50272999999998,10.424336327461404,1849
33,1.0246484000000002,20.632729999999977,10.812348829236392,1250
34,1.0549883999999992,20.722729999999977,11.18811195106847,1844
35,1.0863512999999987,20.75272999999998,11.553638263228082,1250
36,1.1178416000000002,20.762729999999976,11.907396145343876,1839
37,1.1490437,20.732729999999975,12.24829815832195,1250
38,1.1811251999999985,20.812729999999977,12.575683935127831,1835
39,1.2126886,20.78272999999998,12.891422250752932,1250
40,1.2432359999999996,20.812729999999977,13.195961748494534,1832
41,1.2743335999999985,20.842729999999978,13.488770826851242,1250
42,1.3050979999999992,20.862729999999978,13.77145688100208,1830
43,1.3367426999999985,20.912729999999975,14.044217242402901,1250
44,1.3684692999999992,20.872729999999976,14.30781941981439,1828
45,1.3989677999999994,20.932729999999978,14.561460616737703,1250
46,1.4297185999999993,20.902729999999977,14.805717108423954,1827
47,1.4604711999999989,20.92272999999998,15.041142972838102,1250
48,1.4919028,20.92272999999998,15.267307981956078,1826
49,1.5232590999999989,20.952729999999978,15.485146628706946,1250
50,1.5535369999999986,20.932729999999978,15.695172225224603,1826
51,1.585197899999999,21.112729999999978,15.897300533378598,1250
52,1.6161645,21.132729999999977,16.094724636383383,1826
53,1.6468591999999997,21.14272999999998,16.288396104360796,1250
54,1.6774904,21.17272999999998,16.475185406750388,1827
55,1.7084969999999995,21.182729999999978,16.655550227322504,1251
56,1.7398498,21.202729999999978,16.82973802779101,1828
57,1.771492499999999,21.162729999999975,16.997794145261736,1252
58,1.802769399999999,21.202729999999978,17.158991799552915,1829
59,1.833935499999999,21.182729999999978,17.313980354194562,1254
60,1.864821599999999,21.232729999999975,17.46338416017612,1831
61,1.895405799999999,21.262729999999976,17.60761092665121,1256
62,1.9266103999999995,21.262729999999976,17.74782302937676,1833
63,1.957871599999999,21.302729999999976,17.88321214366263,1258
64,1.9896110999999994,21.302729999999976,18.014156636764504,1835
65,2.0205985999999996,21.242729999999977,18.1408277090386,1260
66,2.051919699999999,21.292729999999978,18.261464039031694,1838
67,2.0829455999999986,21.32272999999998,18.377261039966566,1263
68,2.113975,21.342729999999978,18.490138450452,1841
69,2.1452969,21.262729999999976,18.599630950647974,1266
70,2.1770499,21.25272999999998,18.70375040222306,1844
71,2.2092069,21.312729999999977,18.802125988984574,1269
72,2.2405200999999995,21.28272999999998,18.89767525465569,1847
73,2.272736499999999,21.292729999999978,18.990121879538098,1272
74,2.3037558999999987,21.222729999999977,19.078622409141076,1851
75,2.333603799999999,21.35272999999998,19.16255847035856,1276
76,2.3641881,21.302729999999976,19.244416992791283,1855
77,2.3948276999999987,18.312729999999977,19.32466318570153,1280
78,2.4254078999999997,19.082729999999977,19.343270218170773,1859
79,2.4559371,15.712729999999977,19.31840494603,1284
80,2.4881089999999997,18.802729999999976,19.244423335151705,1863
81,2.5186342999999987,17.832729999999977,19.167898791756425,1288
82,2.549384999999999,19.202729999999978,19.13515152399901,1867
83,2.581054999999999,15.782729999999978,19.111369343140765,1292
84,2.61135,19.242729999999977,19.049021705252294,1871
85,2.643222699999999,16.16272999999998,18.989845978839835,1296
86,2.6735983999999995,19.60272999999998,18.940268139706465,1875
87,2.7043882999999997,15.362729999999978,18.899533305682393,1299
88,2.7355871,17.522729999999978,18.844960098972567,1878
89,2.7670098999999997,15.462729999999977,18.752429682626133,1302
90,2.7984624,17.762729999999976,18.66538933102088,1881
91,2.8294011999999995,15.432729999999978,18.586323873220653,1305
92,2.8609355999999995,17.582729999999977,18.50972612385777,1884
93,2.892286199999999,15.492729999999977,18.432612139254992,1308
94,2.9236883000000002,18.25272999999998,18.359624029852952,1887
95,2.9541423999999985,15.782729999999978,18.302351030191442,1311
96,2.9861676,18.612729999999978,18.252869292858353,1890
97,3.017799199999999,15.542729999999978,18.212226858932716,1314
98,3.0480830999999995,18.702729999999978,18.168527686756967,1893
99,3.079758199999999,15.682729999999978,18.128245077938125,1317
100,3.110316899999999,19.07272999999998,18.092210395125264,1896
101,3.1418517999999995,15.972729999999977,18.06468964744144,1320
102,3.172360099999999,19.242729999999977,18.04381414852809,1899
103,3.203806799999999,15.392729999999977,18.0270168201445,1323
104,3.2353835999999987,17.382729999999977,17.999696121429967,1902
105,3.265597099999999,15.282729999999978,17.937605526354975,1326
106,3.2962296999999996,17.46272999999998,17.8757880507096,1904
107,3.326786799999999,15.282729999999978,17.817892436428313,1328
108,3.3573655000000002,17.472729999999977,17.762226877168136,1906
109,3.3891291999999993,15.252729999999978,17.708898067188816,1330
110,3.420374299999999,17.50272999999998,17.65704562733198,1908
111,3.4517173999999997,15.592729999999978,17.607768246415738,1332
112,3.4823908999999986,17.582729999999977,17.566937111910367,1910
113,3.514071699999999,15.822729999999977,17.52921947537205,1334
114,3.5448404,18.362729999999978,17.49738430050898,1912
115,3.575384999999999,17.312729999999977,17.481797604247667,1336
116,3.6060391999999997,18.50272999999998,17.495507603462244,1914
117,3.6371766999999995,18.96272999999998,17.511385811796774,1338
118,3.6682848999999997,19.492729999999977,17.558430217028846,1916
119,3.6996713999999997,15.532729999999978,17.62272922152113,1340
120,3.729977699999999,18.902729999999977,17.61849221118249,1918
121,3.761134499999999,15.572729999999977,17.603055432552296,1342
122,3.7912777999999996,18.912729999999975,17.588983627195073,1920
123,3.8221980999999996,15.922729999999977,17.575646440095664,1344
124,3.8530388,19.25272999999998,17.569563728053943,1922
125,3.8840763000000003,15.212729999999977,17.57026346647923,1346
126,3.9146988,17.242729999999977,17.55726216731245,1924
127,3.946430099999999,15.202729999999978,17.50605051817026,1348
128,3.9768542999999994,17.522729999999978,17.456618874672408,1926
129,4.007979899999999,15.852729999999976,17.414483863104007,1350
130,4.039681399999999,17.78272999999998,17.386490359249755,1928
131,4.0720516,16.312729999999977,17.364582535821334,1352
132,4.103464799999999,17.672729999999977,17.352377836083157,1930
133,4.1345429,16.14272999999998,17.338524723500353,1354
134,4.165717899999999,18.482729999999975,17.32193113609073,1932
135,4.195839099999999,17.21272999999998,17.321576721684842,1356
136,4.2267849,18.682729999999978,17.3418433822039,1934
137,4.258207299999999,15.762729999999976,17.365181255219223,1358
138,4.289202399999999,18.82272999999998,17.359694239649755,1936
139,4.319649199999999,15.532729999999978,17.357114874343424,1360
140,4.350236199999999,18.792729999999978,17.35020522937796,1938
141,4.3811669,15.662729999999979,17.342983955680484,1362
142,4.41203,19.082729999999977,17.338544540609774,1940
143,4.443200299999999,15.852729999999976,17.339861314882032,1364
144,4.4747933,19.432729999999978,17.344786631019193,1942
145,4.5049879,15.162729999999979,17.35626297709913,1366
146,4.536805999999999,17.372729999999976,17.35400837178747,1944
147,4.568665699999999,15.752729999999978,17.312166505742827,1368
148,4.5990027,17.60272999999998,17.283299299420143,1946
149,4.6305102,15.912729999999979,17.259973649048046,1370
150,4.661464199999999,17.772729999999978,17.24062795274125,1948
151,4.6930605,16.182729999999978,17.225301501188465,1372
152,4.723891199999999,18.32272999999998,17.21576540633632,1950
153,4.7550501,16.792729999999978,17.217189228826616,1374
154,4.7858323999999985,18.472729999999977,17.23030636500482,1952
155,4.816767499999999,16.362729999999978,17.245807139268567,1376
156,4.848296699999999,18.75272999999998,17.252429358301523,1954
157,4.879576799999999,19.03272999999998,17.264189095846763,1378
158,4.9102824,20.182729999999978,17.326918127492377,1956
159,4.941463899999999,15.652729999999977,17.41477169000551,1380
160,4.972710299999999,18.952729999999978,17.434144914014563,1958
161,5.0032417,15.152729999999977,17.429083002287996,1382
162,5.0344681,17.172729999999977,17.41458643095212,1960
163,5.066517599999999,15.192729999999976,17.36636673842079,1384
164,5.096865299999999,17.312729999999977,17.32077476941838,1962
165,5.128129999999999,15.552729999999977,17.279635235269186,1386
166,5.160266699999999,17.662729999999975,17.2470136749703,1964
167,5.1911802,17.862729999999978,17.22238939579164,1388
168,5.2224761,17.452729999999978,17.243202531509848,1966
169,5.2530755,15.602729999999976,17.25916952786995,1390
170,5.284248699999999,18.132729999999977,17.2309955390106,1968
171,5.3146781999999995,16.132729999999977,17.21700307776247,1392
172,5.3455584,18.192729999999976,17.213757001137463,1970
173,5.377246999999999,15.442729999999976,17.2117915151242,1394
174,5.4078967,18.422729999999977,17.19661283757947,1972
175,5.438219699999999,15.552729999999977,17.186448453727003,1396
176,5.4690853,18.512729999999976,17.17879410734822,1974
177,5.499916899999999,15.312729999999977,17.173167929959146,1398
178,5.5303661,18.592729999999978,17.163136238947605,1976
179,5.561000399999999,15.562729999999977,17.155031696048056,1400
180,5.5920548,18.862729999999978,17.152054146927064,1978
181,5.623462499999999,15.692729999999976,17.154391292710645,1402
182,5.6547401,19.022729999999978,17.15914212067754,1980
183,5.6851816,14.942729999999976,17.166791437519805,1404
184,5.715711799999999,17.012729999999976,17.159701658129265,1982
185,5.7465739,15.342729999999978,17.114173825602663,1406
186,5.777478799999999,17.292729999999978,17.07810336877793,1984
187,5.808579799999999,15.582729999999977,17.048814890367034,1408
188,5.839829799999999,17.302729999999976,17.025276787438067,1986
189,5.870400399999999,15.772729999999978,17.00283793080815,1410
190,5.901886299999999,17.422729999999977,16.984922648461914,1988
191,5.9330590999999995,15.682729999999978,16.9700085496902,1412
192,5.9645584,17.89272999999998,16.953935585675723,1990
193,5.995165299999998,16.492729999999977,16.947533587778743,1414
194,6.025987299999999,18.202729999999978,16.956978197651537,1992
195,6.057329900000001,16.912729999999975,16.972029389864506,1416
196,6.088411199999998,18.622729999999976,16.994589727166655,1994
197,6.119404600000001,14.922729999999977,17.024369968189387,1418
198,6.149970399999999,18.332729999999977,17.014677161894134,1996
199,6.1805582999999995,14.982729999999977,16.999772518908667,1420
200,6.2112864000000005,18.292729999999978,16.98659753758763,1998
201,6.2427136,15.062729999999977,16.973159666454244,1422
202,6.2733358,18.442729999999976,16.96178014454675,2000
203,6.304112899999998,14.382729999999977,16.95372783643502,1424
204,6.335131200000001,16.592729999999975,16.932889385085478,2002
205,6.365657099999998,14.932729999999978,16.877223943358597,1426
206,6.396213399999999,16.772729999999978,16.834295254454624,2004
207,6.428027800000001,14.842729999999978,16.79648678568857,1427
208,6.459450899999998,17.062729999999977,16.758401309578574,2005
209,6.489841199999999,15.912729999999979,16.727368020242313,1428
210,6.520753000000001,17.152729999999977,16.71813751156001,2006
211,6.5522244999999995,15.732729999999977,16.710995883351394,1429
212,6.582879099999998,17.14272999999998,16.7006626709382,2007
213,6.614591799999998,15.562729999999977,16.690534886125498,1430
214,6.645911100000001,17.762729999999976,16.677523132267936,2008
215,6.6755704,17.302729999999976,16.676953322286614,1431
216,6.706815099999998,18.00272999999998,16.709916597670706,2009
217,6.738315500000001,15.942729999999976,16.746232401344898,1432
218,6.769998299999999,18.232729999999975,16.75495676006224,2010
219,6.800819199999998,16.222729999999977,16.767774702212563,1433
220,6.8325546,18.412729999999975,16.78549151261437,2011
221,6.863158,15.592729999999978,16.805992566553563,1434
222,6.894781,18.53272999999998,16.81357060690678,2012
223,6.925799700000001,15.222729999999977,16.823167865050117,1436
224,6.956497499999999,16.812729999999977,16.825269519286245,2014
225,6.9878011,14.892729999999977,16.79416426922393,1438
226,7.0189766,16.792729999999978,16.75790158775501,2015
227,7.0497388999999995,15.482729999999977,16.72265050665349,1439
228,7.0803204,16.952729999999978,16.700120217805072,2016
229,7.112351899999998,15.522729999999978,16.68153924685061,1440
230,7.142616899999998,17.292729999999978,16.664444358893352,2017
231,7.174285599999999,16.932729999999978,16.65455609443414,1441
232,7.2055828,17.772729999999978,16.672204288193434,2018
233,7.235923099999999,17.722729999999977,16.698417150764275,1442
234,7.2669426999999995,18.162729999999975,16.738835158539203,2019
235,7.297604099999999,15.202729999999978,16.78520744026414,1443
236,7.328866199999998,17.912729999999975,16.781260158020938,2021
237,7.3596074,14.552729999999977,16.772650100809305,1444
238,7.390067,17.942729999999976,16.751853162271626,2022
239,7.420821500000001,14.862729999999978,16.73243506984375,1445
240,7.451883199999999,17.952729999999978,16.71973530915171,2023
241,7.482831299999999,15.032729999999978,16.70771731754863,1446
242,7.513693999999999,18.112729999999978,16.699436318151243,2024
243,7.545385399999999,14.752729999999978,16.694555774702355,1447
244,7.575635199999999,16.25272999999998,16.68447062592589,2025
245,7.6069458,14.872729999999978,16.638951692424396,1448
246,7.638138799999998,16.542729999999978,16.597497195070588,2026
247,7.668795999999999,15.292729999999978,16.563224654298374,1449
248,7.699366899999999,16.542729999999978,16.538361137211822,2027
249,7.730677899999998,15.192729999999976,16.514455326711683,1450
250,7.7611942,16.632729999999977,16.489544405910213,2028
251,7.791801899999998,15.202729999999978,16.467326352295647,1451
252,7.823219799999999,16.522729999999978,16.446156698596713,2029
253,7.8538713,15.252729999999978,16.423683949066238,1452
254,7.885124499999998,16.982729999999975,16.403039780936457,2030
255,7.916442099999999,16.39272999999998,16.39205006232913,1453
256,7.9478493,17.582729999999977,16.403439224320596,2031
257,7.978837699999998,15.582729999999977,16.425945256846006,1454
258,8.0105709,17.592729999999978,16.431984377564298,2032
259,8.041479,15.092729999999978,16.4379834728609,1455
260,8.0731275,17.82272999999998,16.434314447355792,2033
261,8.104990899999999,14.992729999999977,16.43521638045374,1456
262,8.137035299999999,18.122729999999976,16.43415764497776,2034
263,8.167929299999999,18.432729999999978,16.438917472716163,1457
264,8.1990842,18.342729999999978,16.50974586205546,2035
265,8.229734800000001,13.832729999999977,16.58208308497608,1458
266,8.2602952,16.122729999999976,16.56304132174343,2036
267,8.290853699999998,14.492729999999977,16.501977430860382,1459
268,8.322173600000001,16.112729999999978,16.45597675338763,2037
269,8.3528593,14.452729999999978,16.411555362494738,1460
270,8.384170499999998,16.022729999999978,16.36807464812906,2038
271,8.4143892,14.772729999999978,16.32453541308614,1461
272,8.445050699999998,16.492729999999977,16.28883621392047,2039
273,8.476241100000001,16.012729999999976,16.263563954960965,1462
274,8.506978899999998,16.952729999999978,16.263146646742385,2040
275,8.538687699999999,14.742729999999977,16.271604678763698,1463
276,8.569763499999999,16.85272999999998,16.255277641432222,2041
277,8.6009954,14.122729999999978,16.23765357045827,1464
278,8.6328896,17.10272999999998,16.208767603109766,2042
279,8.664475999999999,14.562729999999977,16.18580909984338,1465
280,8.695398299999999,17.472729999999977,16.172209005445385,2043
281,8.7256998,13.742729999999977,16.16625869839663,1466
282,8.756303399999998,15.342729999999978,16.14474498369204,2044
283,8.787608,14.052729999999977,16.08303769199769,1467
284,8.819112800000001,15.562729999999977,16.02967765060811,2045
285,8.851266,14.032729999999976,15.982610000880186,1468
286,8.882347399999999,15.482729999999977,15.936970143212553,2046
287,8.913816800000001,15.582729999999977,15.89154752467549,1469
288,8.9445165,16.352729999999976,15.877726394482831,2047
289,8.9752207,15.062729999999977,15.881193202718539,1470
290,9.006512199999998,16.202729999999978,15.874511651948195,2048
291,9.037399199999998,13.672729999999977,15.865198573684268,1471
292,9.069280999999998,16.192729999999976,15.829473830535,2049
293,9.0999383,13.372729999999978,15.794932559891945,1471
294,9.130752199999998,16.372729999999976,15.755943986593413,2049
295,9.163277499999998,13.702729999999978,15.72192386589913,1471
296,9.192656099999999,16.582729999999977,15.695569711357315,2049
297,9.2234639,13.992729999999977,15.674275128175372,1471
298,9.254629,16.922729999999977,15.659385970945157,2049
299,9.284724500000001,13.222729999999977,15.651618475667215,1471
300,9.315285300000001,14.562729999999977,15.62932053189632,2049
301,9.345208399999999,14.252729999999978,15.562429585434376,1471
302,9.376908899999998,14.862729999999978,15.517952233559967,2049
303,9.408215999999998,14.362729999999978,15.480965866977344,1471
304,9.438717800000001,15.062729999999977,15.447522681708506,2049
305,9.4694861,14.622729999999978,15.419219534230718,1471
306,9.499855599999998,14.992729999999977,15.397013994201664,2049
307,9.530444000000001,14.852729999999976,15.374315630146908,1471
308,9.5611075,15.182729999999978,15.35692120719324,2049
309,9.592182,15.012729999999976,15.343856054260527,1471
310,9.6230952,15.202729999999978,15.334375635925841,2049
311,9.6538104,13.942729999999976,15.325645575027725,1471
312,9.6844488,15.262729999999976,15.296644360006388,2049
313,9.7151118,15.982729999999977,15.269915786141784,1471
314,9.745897699999999,16.202729999999978,15.283505677516136,2049
315,9.7762927,15.642729999999977,15.314675823751967,1471
316,9.8075684,16.172729999999977,15.338097187972439,2049
317,9.838226999999998,15.512729999999976,15.36003861701541,1471
318,9.8696595,16.442729999999976,15.37863118841542,2049
319,9.9005478,15.372729999999978,15.401707604988623,1471
320,9.931677800000001,16.652729999999977,15.421198853104716,2049
321,9.9622832,14.242729999999977,15.443983774219273,1471
322,9.9929301,16.562729999999977,15.444128073398343,2049
323,10.0242865,14.572729999999977,15.442533479704288,1471
324,10.056240099999998,16.902729999999977,15.447355867931396,2049
325,10.0872407,13.802729999999977,15.458540657992945,1471
326,10.118222699999999,14.812729999999977,15.454464985041312,2049
327,10.149133,13.582729999999977,15.410294418012668,1471
328,10.180634499999998,14.852729999999976,15.363588196783665,2049
329,10.2116229,14.942729999999976,15.319451402365964,1471
330,10.2429982,15.012729999999976,15.303207306115644,2049
331,10.2737511,15.052729999999977,15.290670392745405,1471
332,10.304622799999999,15.062729999999977,15.280734903241921,2049
333,10.335616799999999,15.062729999999977,15.272145078081918,1471
334,10.3664365,15.332729999999977,15.264078713260151,2049
335,10.396236099999998,16.062729999999977,15.261523057136852,1471
336,10.427174899999999,16.262729999999976,15.27832511537998,2049
337,10.4589102,15.052729999999977,15.312391107737543,1471
338,10.4898169,16.302729999999976,15.325693060575171,2049
339,10.520365400000001,14.992729999999977,15.339253012466639,1471
340,10.551727599999998,16.552729999999976,15.35113509824267,2049
341,10.581983799999998,17.162729999999975,15.367374321873172,1471
342,10.6138322,18.332729999999977,15.424780659201277,2049
343,10.6449045,13.122729999999978,15.51425729582643,1471
344,10.675796700000001,14.472729999999977,15.522479954515216,2049
345,10.7061689,13.672729999999977,15.456045089906267,1471
346,10.7382614,14.822729999999977,15.4027618006568,2049
347,10.768926200000001,14.482729999999977,15.358271652334265,1471
348,10.800127699999999,15.002729999999978,15.331095212047316,2049
349,10.8314416,13.512729999999976,15.308432238147446,1471
350,10.8626445,14.792729999999978,15.267960713128465,2049
351,10.893478099999998,14.402729999999977,15.225003644922449,1471
352,10.9246498,16.25272999999998,15.200841974667528,2049
353,10.9559364,18.472729999999977,15.205729517213268,1471
354,10.987017199999999,18.612729999999978,15.288814044718386,2049
355,11.017683499999999,13.882729999999977,15.414150163946633,1471
356,11.0487807,16.25272999999998,15.446258449210813,2049
357,11.0799578,13.162729999999979,15.43167808281734,1471
358,11.1109241,16.39272999999998,15.403792653546871,2049
359,11.141207499999998,13.482729999999977,15.379677628921868,1471
360,11.171735100000001,16.50272999999998,15.36265444778491,2049
361,11.203735700000001,13.812729999999977,15.348405495036834,1471
362,11.2333914,16.732729999999975,15.341060951751672,2049
363,11.264048999999998,18.372729999999976,15.338428942679085,1471
364,11.2947027,18.75272999999998,15.423720605138016,2049
365,11.3252164,13.202729999999978,15.544630690456724,1471
366,11.3561025,14.742729999999977,15.561313047175394,2049
367,11.3870166,12.942729999999976,15.500123134177928,1471
368,11.417551899999998,14.622729999999978,15.436282756513524,2049
369,11.448735300000001,13.612729999999978,15.372590304622078,1471
370,11.479709999999999,14.772729999999978,15.32425490723739,2049
371,11.510542899999999,13.832729999999977,15.280670210326875,1471
372,11.540739799999999,15.152729999999977,15.243001372998522,2049
373,11.5711679,18.39272999999998,15.214102008801039,1471
374,11.602290299999998,18.022729999999978,15.27413809652491,2049
375,11.6335156,12.762729999999976,15.387135798258466,1471
376,11.664071599999998,14.772729999999978,15.387351278789033,2049
377,11.6955981,13.572729999999977,15.324965818164761,1471
378,11.726270299999998,15.222729999999977,15.280583367029184,2049
379,11.758128300000001,15.422729999999977,15.246577136877042,1471
380,11.7891612,16.362729999999978,15.249510434621397,2049
381,11.8204488,14.512729999999976,15.274286318585265,1471
382,11.851571299999998,16.14272999999998,15.280581931939276,2049
383,11.8824722,12.722729999999977,15.28239800708106,1471
384,11.9138122,16.14272999999998,15.249670028822406,2049
385,11.945152899999998,15.282729999999978,15.218202684778495,1471
386,11.9770068,17.022729999999978,15.237251159107286,2049
387,12.0080896,14.102729999999976,15.272514075153664,1471
388,12.0383413,14.652729999999977,15.283692771302663,2049
389,12.069808399999998,14.642729999999977,15.24879640044341,1471
390,12.1006947,15.162729999999979,15.225644195203508,2049
391,12.1314796,13.942729999999976,15.213206009145004,1471
392,12.163045899999998,14.772729999999978,15.187765432016628,2049
393,12.1942145,14.232729999999977,15.155793672050901,1471
394,12.225314499999998,15.512729999999976,15.130638607387674,2049
395,12.255771300000001,16.272729999999978,15.12070434221003,1471
396,12.286688,15.872729999999978,15.15044164987926,2049
397,12.317482,16.182729999999978,15.18596685833645,1471
398,12.3477755,16.222729999999977,15.218390352653884,2049
399,12.378518699999999,16.352729999999976,15.25630568700682,1471
400,12.410340499999998,16.472729999999977,15.296034654332603,2049
401,12.4414751,15.422729999999977,15.339048138057965,1471
402,12.4726686,16.82272999999998,15.362493679820226,2049
403,12.5041386,16.64272999999998,15.391776879318058,1471
404,12.5342043,18.222729999999977,15.44342844700544,2049
405,12.5651527,13.812729999999977,15.520053455165948,1471
406,12.5955374,16.912729999999975,15.539223233248007,2049
407,12.626525899999999,12.962729999999977,15.532424970100045,1471
408,12.657211599999998,14.492729999999977,15.50951818310823,2049
409,12.688078199999998,13.182729999999978,15.440886288730303,1471
410,12.718713199999998,14.472729999999977,15.379135035622589,2049
411,12.749142399999998,13.732729999999977,15.31937716566271,1471
412,12.7812505,14.722729999999977,15.272513682920723,2049
413,12.8118337,14.802729999999977,15.23227013205773,1471
414,12.843539999999999,14.852729999999976,15.214184127753128,2049
415,12.875384599999999,14.852729999999976,15.199298475727083,1471
416,12.906545499999998,14.952729999999978,15.185949161119256,2049
417,12.937497299999999,15.982729999999977,15.175039970152552,1471
418,12.967870799999998,15.862729999999978,15.186313965234794,2049
419,12.998742299999998,16.102729999999976,15.214679641915872,1471
420,13.0302104,16.32272999999998,15.244263826810958,2049
421,13.061009999999998,16.202729999999978,15.281567737981225,1471
422,13.091366199999998,16.652729999999977,15.319360684063632,2049
423,13.122424999999998,15.192729999999976,15.36205346120978,1471
424,13.1532098,16.612729999999978,15.383649907608534,2049
425,13.184123899999998,15.172729999999977,15.403644119273215,1471
426,13.2143015,16.932729999999978,15.422482997444028,2049
427,13.2457106,14.922729999999977,15.446759197118878,1471
428,13.276515299999998,17.042729999999978,15.465285494270887,2049
429,13.307023799999998,13.982729999999977,15.485216705511545,1471
430,13.337387299999998,14.442729999999976,15.486276477677071,2049
431,13.368163399999998,13.792729999999978,15.437221316031067,1471
432,13.3994314,14.672729999999977,15.38639642590498,2049
433,13.430075399999998,13.672729999999977,15.341958869835915,1471
434,13.4614684,14.682729999999978,15.296921871017,2049
435,13.4928528,14.232729999999977,15.253812224759116,1471
436,13.5228458,15.022729999999978,15.223148293050631,2049
437,13.553677200000001,14.952729999999978,15.200213644708732,1471
438,13.584311299999998,15.072729999999977,15.192029083154818,2049
439,13.6154578,15.032729999999978,15.185122742741404,1471
440,13.645657899999998,15.472729999999977,15.180023166471692,2049
441,13.676716,16.32272999999998,15.1828237281583,1471
442,13.708009800000001,16.102729999999976,15.210360879995036,2049
443,13.7387015,16.262729999999976,15.248970683463295,1471
444,13.7693614,16.64272999999998,15.284937736895627,2049
445,13.8006668,15.232729999999977,15.329919399708613,1471
446,13.831775599999999,16.522729999999978,15.353331381736808,2049
447,13.8619572,15.172729999999977,15.373530455297722,1471
448,13.893081399999998,16.702729999999978,15.391795933413807,2049
449,13.9245824,14.302729999999977,15.412824521183364,1471
450,13.955642799999998,16.802729999999976,15.416287549721007,2049
451,13.9861302,13.872729999999978,15.42154311484653,1471
452,14.017435,14.512729999999976,15.418314755325367,2049
453,14.0477684,14.922729999999977,15.371107009603339,1471
454,14.0789204,15.152729999999977,15.345939875632432,2049
455,14.1103681,13.382729999999977,15.334068078619085,1471
456,14.141374999999998,14.552729999999977,15.29299428372205,2049
457,14.1722478,13.742729999999977,15.241947027260519,1471
458,14.202794899999999,14.872729999999978,15.199799375730768,2049
459,14.233980099999998,14.822729999999977,15.165438158301358,1471
460,14.265137900000001,15.222729999999977,15.153200501227268,2049
461,14.296048699999998,15.152729999999977,15.148174966910362,1471
462,14.327236300000001,15.522729999999978,15.149698569367073,2049
463,14.358558799999999,16.25272999999998,15.156941267129506,1471
464,14.3891619,16.382729999999977,15.185090188310165,2049
465,14.420446399999998,16.362729999999978,15.228717829721797,1471
466,14.451934,16.612729999999978,15.27278351787819,2049
467,14.4827052,16.362729999999978,15.319581492758884,1471
468,14.514204999999999,16.89272999999998,15.364576877578894,2049
469,14.545584100000001,15.312729999999977,15.413231702267383,1471
470,14.5768373,17.312729999999977,15.439790175823536,2049
471,14.607219599999999,13.922729999999977,15.473414550695441,1471
472,14.6374446,14.402729999999977,15.478973372315021,2049
473,14.6686596,13.662729999999979,15.428273588266176,1471
474,14.700294899999998,14.682729999999978,15.374519275010714,2049
475,14.731613399999999,14.062729999999977,15.328228096648997,1471
476,14.7621749,14.852729999999976,15.291423696962651,2049
477,14.793502599999998,14.782729999999978,15.259311025941525,1471
478,14.8243432,15.122729999999978,15.242301965819212,2049
479,14.8551031,15.092729999999978,15.231148074037169,1471
480,14.8860878,15.522729999999978,15.226394188978356,2049
481,14.916642999999999,16.452729999999978,15.229527126352226,1471
482,14.947942499999998,16.53272999999998,15.258732000441388,2049
483,14.9786713,16.57272999999998,15.306263812118653,1471
484,15.0097495,16.60272999999998,15.354275880311347,2049
485,15.041323099999998,15.132729999999977,15.401786742525514,1471
486,15.072548,16.802729999999976,15.419734200442374,2049
487,15.104820599999998,14.752729999999978,15.44084220317319,1471
488,15.1364332,17.202729999999978,15.453818632082207,2049
489,15.167691,12.932729999999978,15.473998937467107,1471
490,15.197439699999999,14.252729999999978,15.458350047733964,2049
491,15.2289081,13.182729999999978,15.386489071620597,1471
492,15.2600636,14.542729999999978,15.322210894544643,2049
493,15.2905605,14.742729999999977,15.265993809062431,1471
494,15.322456399999998,14.902729999999977,15.24198659186418,2049
495,15.3534995,14.902729999999977,15.225837436536482,1471
496,15.384747299999999,14.882729999999977,15.213391807102342,2049
497,15.415572499999998,14.902729999999977,15.20104037976394,1471
498,15.446282599999998,15.052729999999977,15.189164711477341,2049
499,15.477444199999999,16.192729999999976,15.181020553308874,1471
500,15.5080108,16.39272999999998,15.198034560012047,2049
501,15.538779100000001,16.442729999999976,15.240200639305595,1471
502,15.569862500000001,16.64272999999998,15.285557360983423,2049
503,15.601935499999998,15.102729999999976,15.333981826132412,1471
504,15.633033799999998,16.562729999999977,15.354733623745457,2049
505,15.6645098,15.462729999999977,15.373145350301474,1471
506,15.695321999999999,17.192729999999976,15.39778122258977,2049
507,15.726625499999999,13.672729999999977,15.433601499586311,1471
508,15.757637399999998,14.222729999999977,15.433567930687312,2049
509,15.787514799999999,13.782729999999976,15.376335610432635,1471
510,15.8181444,14.562729999999977,15.323426316238256,2049
511,15.8484343,14.762729999999976,15.279103164482153,1471
512,15.8793934,15.182729999999978,15.255361364910705,2049
513,15.910455699999998,14.042729999999978,15.244474815000713,1471
514,15.941462199999998,14.602729999999976,15.220140921764706,2049
515,15.9722071,13.922729999999977,15.185573955735832,1471
516,16.004151999999998,15.262729999999976,15.150027346156863,2049
517,16.035513899999998,17.692729999999976,15.128561061353125,1471
518,16.066530299999997,18.50272999999998,15.180529090422471,2049
519,16.097149899999998,15.042729999999978,15.292895434864183,1471
520,16.1279507,15.922729999999977,15.349896514192272,2049
521,16.1588291,14.222729999999977,15.355013067245116,1471
522,16.189635199999998,15.832729999999977,15.344139933255613,2049
523,16.220770799999997,12.182729999999978,15.331952281925787,1471
524,16.2511031,15.702729999999978,15.280945161860881,2049
525,16.282078,14.782729999999978,15.229399056372875,1471
526,16.3159202,16.772729999999978,15.229912544970256,2049
527,16.345211,14.042729999999978,15.251013678128745,1471
528,16.3765966,14.172729999999977,15.257050163358544,2049
529,16.407651799999996,13.472729999999977,15.212780019013751,1471
